"File","Top","GuestOnly"
".easignore",".easignore","False"
".env.example",".env.example","False"
".gitignore",".gitignore","False"
"Adarsh Engine/VERSION.txt","Adarsh Engine","False"
"Adarsh Engine/cleanup_old_service.ps1","Adarsh Engine","False"
"Adarsh Engine/crash_test.ps1","Adarsh Engine","False"
"Adarsh Engine/install_service.bat","Adarsh Engine","False"
"Adarsh Engine/install_svc.ps1","Adarsh Engine","False"
"Adarsh Engine/installer.iss","Adarsh Engine","False"
"Adarsh Engine/installer/PassportEngine.iss","Adarsh Engine","False"
"Adarsh Engine/installer/VERSION.txt","Adarsh Engine","False"
"Adarsh Engine/main.py","Adarsh Engine","False"
"Adarsh Engine/make_icon.py","Adarsh Engine","False"
"Adarsh Engine/passport_engine_core/__init__.py","Adarsh Engine","False"
"Adarsh Engine/passport_engine_core/__main__.py","Adarsh Engine","False"
"Adarsh Engine/passport_engine_core/adjustments.py","Adarsh Engine","False"
"Adarsh Engine/passport_engine_core/compressor.py","Adarsh Engine","False"
"Adarsh Engine/passport_engine_core/config.py","Adarsh Engine","False"
"Adarsh Engine/passport_engine_core/engine.py","Adarsh Engine","False"
"Adarsh Engine/passport_engine_core/extractor.py","Adarsh Engine","False"
"Adarsh Engine/passport_engine_core/page_photo_picker.py","Adarsh Engine","False"
"Adarsh Engine/passport_engine_core/processor.py","Adarsh Engine","False"
"Adarsh Engine/passport_engine_core/renamer.py","Adarsh Engine","False"
"Adarsh Engine/passport_engine_core/services/__init__.py","Adarsh Engine","False"
"Adarsh Engine/passport_engine_core/services/auto_adjust_service.py","Adarsh Engine","False"
"Adarsh Engine/passport_engine_core/services/common.py","Adarsh Engine","False"
"Adarsh Engine/passport_engine_core/services/compressor_service.py","Adarsh Engine","False"
"Adarsh Engine/passport_engine_core/services/cropper_service.py","Adarsh Engine","False"
"Adarsh Engine/passport_engine_core/services/editor_service.py","Adarsh Engine","False"
"Adarsh Engine/passport_engine_core/services/face_aware_service.py","Adarsh Engine","False"
"Adarsh Engine/passport_engine_core/services/file_ops_service.py","Adarsh Engine","False"
"Adarsh Engine/passport_engine_core/services/page_picker_service.py","Adarsh Engine","False"
"Adarsh Engine/passport_engine_core/services/preview_service.py","Adarsh Engine","False"
"Adarsh Engine/passport_engine_core/services/renamer_service.py","Adarsh Engine","False"
"Adarsh Engine/passport_engine_core/task_manager.py","Adarsh Engine","False"
"Adarsh Engine/passport_engine_core/validators.py","Adarsh Engine","False"
"Adarsh Engine/query","Adarsh Engine","False"
"Adarsh Engine/redeploy_service.ps1","Adarsh Engine","False"
"Adarsh Engine/requirements.txt","Adarsh Engine","False"
"Adarsh Engine/setup_and_install.bat","Adarsh Engine","False"
"Adarsh Engine/setup_service.ps1","Adarsh Engine","False"
"Adarsh Engine/sign_self.ps1","Adarsh Engine","False"
"Adarsh Engine/uninstall_service.bat","Adarsh Engine","False"
"Adarsh Engine/version_info.txt","Adarsh Engine","False"
"Adarsh ID Cards Web","Adarsh ID Cards Web","False"
"BUILD_CONFIGURATION.md","BUILD_CONFIGURATION.md","False"
"MOBILE_APP_ALL_PAGES_COMPLETE.md","MOBILE_APP_ALL_PAGES_COMPLETE.md","False"
"MOBILE_APP_PAGES_FIXES.md","MOBILE_APP_PAGES_FIXES.md","False"
"MOBILE_APP_REDESIGN_SUMMARY.md","MOBILE_APP_REDESIGN_SUMMARY.md","False"
"MOBILE_APP_TESTING_CHECKLIST.md","MOBILE_APP_TESTING_CHECKLIST.md","False"
"MOBILE_HOME_SCREEN_EXECUTIVE_SUMMARY.md","MOBILE_HOME_SCREEN_EXECUTIVE_SUMMARY.md","False"
"MOBILE_HOME_SCREEN_QUICK_REFERENCE.md","MOBILE_HOME_SCREEN_QUICK_REFERENCE.md","False"
"MOBILE_HOME_SCREEN_REDESIGN_COMPLETE.md","MOBILE_HOME_SCREEN_REDESIGN_COMPLETE.md","False"
"MOBILE_HOME_SCREEN_ROLES.md","MOBILE_HOME_SCREEN_ROLES.md","False"
"MOBILE_HOME_SCREEN_TESTING.md","MOBILE_HOME_SCREEN_TESTING.md","False"
"MOBILE_RELEASE_GUIDE.md","MOBILE_RELEASE_GUIDE.md","False"
"README.md","README.md","False"
"VERSION.txt","VERSION.txt","False"
"VERSION_LOG.md","VERSION_LOG.md","False"
"accounts/services.py","accounts","False"
"accounts/signals.py","accounts","False"
"accounts/tests.py","accounts","False"
"accounts/views.py","accounts","False"
"adarsh_native_app/.easignore","adarsh_native_app","False"
"adarsh_native_app/.env.example","adarsh_native_app","False"
"adarsh_native_app/.expo/README.md","adarsh_native_app","False"
"adarsh_native_app/.expo/devices.json","adarsh_native_app","False"
"adarsh_native_app/App.js","adarsh_native_app","False"
"adarsh_native_app/android/app/build.gradle","adarsh_native_app","False"
"adarsh_native_app/android/app/src/debug/AndroidManifest.xml","adarsh_native_app","False"
"adarsh_native_app/android/app/src/main/AndroidManifest.xml","adarsh_native_app","False"
"adarsh_native_app/android/app/src/main/assets/index.android.bundle","adarsh_native_app","False"
"adarsh_native_app/android/app/src/main/java/com/adarshid/app/MainActivity.kt","adarsh_native_app","False"
"adarsh_native_app/android/app/src/main/res/values-night/colors.xml","adarsh_native_app","False"
"adarsh_native_app/android/app/src/main/res/values/colors.xml","adarsh_native_app","False"
"adarsh_native_app/android/app/src/main/res/values/styles.xml","adarsh_native_app","False"
"adarsh_native_app/android/build.gradle","adarsh_native_app","False"
"adarsh_native_app/android/gradle.properties","adarsh_native_app","False"
"adarsh_native_app/android/keystore.properties","adarsh_native_app","False"
"adarsh_native_app/android/link-assets-manifest.json","adarsh_native_app","False"
"adarsh_native_app/android_backup/.gradle/buildOutputCleanup/cache.properties","adarsh_native_app","False"
"adarsh_native_app/android_backup/keystore.properties","adarsh_native_app","False"
"adarsh_native_app/app.json","adarsh_native_app","False"
"adarsh_native_app/index.js","adarsh_native_app","False"
"adarsh_native_app/mobile_stability_manifesto.md","adarsh_native_app","False"
"adarsh_native_app/package.json","adarsh_native_app","False"
"adarsh_native_app/react-native.config.js","adarsh_native_app","False"
"adarsh_native_app/src/api/client.js","adarsh_native_app","False"
"adarsh_native_app/src/components/AppModal.js","adarsh_native_app","False"
"adarsh_native_app/src/components/Button.js","adarsh_native_app","False"
"adarsh_native_app/src/components/Card.js","adarsh_native_app","False"
"adarsh_native_app/src/components/CardItem.js","adarsh_native_app","False"
"adarsh_native_app/src/components/CardModalForm.js","adarsh_native_app","False"
"adarsh_native_app/src/components/ConfirmModal.js","adarsh_native_app","False"
"adarsh_native_app/src/components/ErrorBoundary.js","adarsh_native_app","False"
"adarsh_native_app/src/components/FilterDrawer.js","adarsh_native_app","False"
"adarsh_native_app/src/components/FormField.js","adarsh_native_app","False"
"adarsh_native_app/src/components/Icons.js","adarsh_native_app","False"
"adarsh_native_app/src/components/Input.js","adarsh_native_app","False"
"adarsh_native_app/src/components/ListItem.js","adarsh_native_app","False"
"adarsh_native_app/src/components/Loader.js","adarsh_native_app","False"
"adarsh_native_app/src/components/NetworkGuard.js","adarsh_native_app","False"
"adarsh_native_app/src/components/ScreenWrapper.js","adarsh_native_app","False"
"adarsh_native_app/src/components/Skeleton.js","adarsh_native_app","False"
"adarsh_native_app/src/components/Stack.js","adarsh_native_app","False"
"adarsh_native_app/src/components/StatusBadge.js","adarsh_native_app","False"
"adarsh_native_app/src/components/Toast.js","adarsh_native_app","False"
"adarsh_native_app/src/components/TopBar.js","adarsh_native_app","False"
"adarsh_native_app/src/components/Typography.js","adarsh_native_app","False"
"adarsh_native_app/src/context/AuthContext.js","adarsh_native_app","False"
"adarsh_native_app/src/context/ToastContext.js","adarsh_native_app","False"
"adarsh_native_app/src/hooks/useRefreshableResource.js","adarsh_native_app","False"
"adarsh_native_app/src/navigation/AppNavigator.js","adarsh_native_app","False"
"adarsh_native_app/src/screens/CameraScreen.js","adarsh_native_app","False"
"adarsh_native_app/src/screens/CardDetailScreen.js","adarsh_native_app","False"
"adarsh_native_app/src/screens/CardFormScreen.js","adarsh_native_app","False"
"adarsh_native_app/src/screens/CardListScreen.js","adarsh_native_app","False"
"adarsh_native_app/src/screens/ClientGroupsScreen.js","adarsh_native_app","False"
"adarsh_native_app/src/screens/ClientsListScreen.js","adarsh_native_app","False"
"adarsh_native_app/src/screens/DesktopRequiredScreen.js","adarsh_native_app","False"
"adarsh_native_app/src/screens/ForgotPasswordScreen.js","adarsh_native_app","False"
"adarsh_native_app/src/screens/GroupsScreen.js","adarsh_native_app","False"
"adarsh_native_app/src/screens/HomeScreen.js","adarsh_native_app","False"
"adarsh_native_app/src/screens/LandingScreen.js","adarsh_native_app","False"
"adarsh_native_app/src/screens/LoginScreen.js","adarsh_native_app","False"
"adarsh_native_app/src/screens/NoAccessScreen.js","adarsh_native_app","False"
"adarsh_native_app/src/screens/NotificationsScreen.js","adarsh_native_app","False"
"adarsh_native_app/src/screens/PermissionsScreen.js","adarsh_native_app","False"
"adarsh_native_app/src/screens/ProfileScreen.js","adarsh_native_app","False"
"adarsh_native_app/src/screens/ReprintDetailScreen.js","adarsh_native_app","False"
"adarsh_native_app/src/screens/ReprintScreen.js","adarsh_native_app","False"
"adarsh_native_app/src/screens/SearchScreen.js","adarsh_native_app","False"
"adarsh_native_app/src/screens/StaffManageScreen.js","adarsh_native_app","False"
"adarsh_native_app/src/screens/TablePickerScreen.js","adarsh_native_app","False"
"adarsh_native_app/src/screens/WelcomeScreen.js","adarsh_native_app","False"
"adarsh_native_app/src/theme/index.js","adarsh_native_app","False"
"adarsh_native_app/src/utils/data.js","adarsh_native_app","False"
"adarsh_native_app/upload_certificate.pem","adarsh_native_app","False"
"build_bundles.py","build_bundles.py","False"
"cardprint/admin.py","cardprint","False"
"cardprint/apps.py","cardprint","False"
"cardprint/migrations/0001_initial.py","cardprint","False"
"cardprint/migrations/0002_add_finalized_pool_status.py","cardprint","False"
"cardprint/migrations/0003_remove_downloaded_status.py","cardprint","False"
"cardprint/migrations/0004_generate_list_cardtemplate.py","cardprint","False"
"cardprint/migrations/0005_add_field_config_to_cardtemplate.py","cardprint","False"
"cardprint/migrations/0006_remove_print_list_status.py","cardprint","False"
"cardprint/migrations/0007_add_docx_fields_to_cardtemplate.py","cardprint","False"
"cardprint/migrations/0008_remove_docx_fields_from_cardtemplate.py","cardprint","False"
"cardprint/migrations/0009_cardtemplatedoc.py","cardprint","False"
"cardprint/migrations/0010_template_json_workflow.py","cardprint","False"
"cardprint/migrations/0012_alter_cardtemplate_template_json.py","cardprint","False"
"cardprint/migrations/0013_cardtemplate_production_fields.py","cardprint","False"
"cardprint/migrations/0014_remove_cardtemplatedoc.py","cardprint","False"
"cardprint/models.py","cardprint","False"
"cardprint/services.py","cardprint","False"
"cardprint/tests.py","cardprint","False"
"cardprint/urls.py","cardprint","False"
"cardprint/views.py","cardprint","False"
"client/models.py","client","False"
"client/services_access.py","client","False"
"client/services_card.py","client","False"
"client/services_client_core.py","client","False"
"client/services_dashboard.py","client","False"
"client/services_staff.py","client","False"
"client/tests.py","client","False"
"client/urls.py","client","False"
"client/views.py","client","False"
"client/views_api.py","client","False"
"client/views_pages.py","client","False"
"client/views_shared_pages.py","client","False"
"config/settings.py","config","False"
"config/urls.py","config","False"
"config/urls_panel.py","config","False"
"config/urls_website.py","config","False"
"conftest.py","conftest.py","False"
"core/admin.py","core","False"
"core/apps.py","core","False"
"core/context_processors.py","core","False"
"core/management/commands/cleanup_apostrophes.py","core","False"
"core/management/commands/ensure_missing_card_thumbnails.py","core","False"
"core/middleware.py","core","False"
"core/migrations/0070_move_officework_models_to_app.py","core","False"
"core/migrations/0074_alter_user_role_guestassignment.py","core","False"
"core/migrations/0074_remove_print_finalized_perms.py","core","False"
"core/migrations/0076_remove_staff_manage_website_section_perms.py","core","False"
"core/migrations/0077_merge_20260511_1532.py","core","False"
"core/migrations/0078_staff_pro_features.py","core","False"
"core/migrations/0079_delete_websitesettings_and_more.py","core","False"
"core/models.py","core","False"
"core/realtime/consumers.py","core","False"
"core/services/activity_service.py","core","False"
"core/services/crop_service.py","core","False"
"core/services/guest_sandbox_service.py","core","False"
"core/services/idcard_bulk_service.py","core","False"
"core/services/idcard_card_service.py","core","False"
"core/services/permission_service.py","core","False"
"core/services/reupload_processor.py","core","False"
"core/signals.py","core","False"
"core/tests.py","core","False"
"core/tests_pro_user_manage.py","core","False"
"core/urls.py","core","False"
"core/utils/email_utils.py","core","False"
"core/views/__init__.py","core","False"
"core/views/admin_page_views.py","core","False"
"core/views/base.py","core","False"
"core/views/base_helpers.py","core","False"
"core/views/client_api.py","core","False"
"core/views/crop_api.py","core","False"
"core/views/cropper_api.py","core","False"
"core/views/dashboard_views.py","core","False"
"core/views/engine_api.py","core","False"
"core/views/errors.py","core","False"
"core/views/idcard_bulk_api.py","core","False"
"core/views/idcard_card_api.py","core","False"
"core/views/idcard_helpers.py","core","False"
"core/views/idcard_table_api.py","core","False"
"core/views/maintenance_api.py","core","False"
"core/views/pro_user_data_guard_api.py","core","False"
"core/views/pro_user_guest_users_api.py","core","False"
"core/views/pro_user_manage_superadmin_views.py","core","False"
"core/views/pro_user_session_api.py","core","False"
"core/views/staff_api.py","core","False"
"core/views/task_api.py","core","False"
"exports/pdf.py","exports","False"
"exports/tests.py","exports","False"
"exports/word_images.py","exports","False"
"exports/word_styles.py","exports","False"
"exports/word_tables.py","exports","False"
"generate_urls.py","generate_urls.py","False"
"idcards/models.py","idcards","False"
"idcards/services_workflow.py","idcards","False"
"mediafiles/services/image_fields.py","mediafiles","False"
"mobile_api/admin.py","mobile_api","False"
"mobile_api/models.py","mobile_api","False"
"mobile_api/tests.py","mobile_api","False"
"mobile_api/urls.py","mobile_api","False"
"mobile_api/views.py","mobile_api","False"
"mobile_app/context_processors.py","mobile_app","False"
"mobile_app/tests.py","mobile_app","False"
"mobile_app/urls.py","mobile_app","False"
"mobile_app/views.py","mobile_app","False"
"mobile_shell_app/.env.example","mobile_shell_app","False"
"mobile_shell_app/.gitignore","mobile_shell_app","False"
"mobile_shell_app/ANDROID_NATIVE_CONVERSION_PLAN.md","mobile_shell_app","False"
"mobile_shell_app/README.md","mobile_shell_app","False"
"mobile_shell_app/android/.gitignore","mobile_shell_app","False"
"mobile_shell_app/android/app/.gitignore","mobile_shell_app","False"
"mobile_shell_app/android/app/build.gradle","mobile_shell_app","False"
"mobile_shell_app/android/app/capacitor.build.gradle","mobile_shell_app","False"
"mobile_shell_app/android/app/proguard-rules.pro","mobile_shell_app","False"
"mobile_shell_app/android/app/src/androidTest/java/com/getcapacitor/myapp/ExampleInstrumentedTest.java","mobile_shell_app","False"
"mobile_shell_app/android/app/src/main/AndroidManifest.xml","mobile_shell_app","False"
"mobile_shell_app/android/app/src/main/java/in/adarshbhopal/panel1804/MainActivity.java","mobile_shell_app","False"
"mobile_shell_app/android/app/src/main/res/anim/mobile_close_enter.xml","mobile_shell_app","False"
"mobile_shell_app/android/app/src/main/res/anim/mobile_close_exit.xml","mobile_shell_app","False"
"mobile_shell_app/android/app/src/main/res/anim/mobile_open_enter.xml","mobile_shell_app","False"
"mobile_shell_app/android/app/src/main/res/anim/mobile_open_exit.xml","mobile_shell_app","False"
"mobile_shell_app/android/app/src/main/res/drawable-v24/ic_launcher_foreground.xml","mobile_shell_app","False"
"mobile_shell_app/android/app/src/main/res/drawable/ic_launcher_background.xml","mobile_shell_app","False"
"mobile_shell_app/android/app/src/main/res/layout/activity_main.xml","mobile_shell_app","False"
"mobile_shell_app/android/app/src/main/res/mipmap-anydpi-v26/ic_launcher.xml","mobile_shell_app","False"
"mobile_shell_app/android/app/src/main/res/mipmap-anydpi-v26/ic_launcher_round.xml","mobile_shell_app","False"
"mobile_shell_app/android/app/src/main/res/values/colors.xml","mobile_shell_app","False"
"mobile_shell_app/android/app/src/main/res/values/ic_launcher_background.xml","mobile_shell_app","False"
"mobile_shell_app/android/app/src/main/res/values/strings.xml","mobile_shell_app","False"
"mobile_shell_app/android/app/src/main/res/values/styles.xml","mobile_shell_app","False"
"mobile_shell_app/android/app/src/main/res/xml/file_paths.xml","mobile_shell_app","False"
"mobile_shell_app/android/app/src/main/res/xml/network_security_config.xml","mobile_shell_app","False"
"mobile_shell_app/android/app/src/test/java/com/getcapacitor/myapp/ExampleUnitTest.java","mobile_shell_app","False"
"mobile_shell_app/android/build.gradle","mobile_shell_app","False"
"mobile_shell_app/android/capacitor.settings.gradle","mobile_shell_app","False"
"mobile_shell_app/android/gradle.properties","mobile_shell_app","False"
"mobile_shell_app/android/gradle/wrapper/gradle-wrapper.properties","mobile_shell_app","False"
"mobile_shell_app/android/gradlew","mobile_shell_app","False"
"mobile_shell_app/android/gradlew.bat","mobile_shell_app","False"
"mobile_shell_app/android/settings.gradle","mobile_shell_app","False"
"mobile_shell_app/android/variables.gradle","mobile_shell_app","False"
"mobile_shell_app/capacitor.config.ts","mobile_shell_app","False"
"mobile_shell_app/ios/.gitignore","mobile_shell_app","False"
"mobile_shell_app/ios/App/App.xcodeproj/project.pbxproj","mobile_shell_app","False"
"mobile_shell_app/ios/App/App.xcworkspace/xcshareddata/IDEWorkspaceChecks.plist","mobile_shell_app","False"
"mobile_shell_app/ios/App/App/AppDelegate.swift","mobile_shell_app","False"
"mobile_shell_app/ios/App/App/Assets.xcassets/AppIcon.appiconset/Contents.json","mobile_shell_app","False"
"mobile_shell_app/ios/App/App/Assets.xcassets/Contents.json","mobile_shell_app","False"
"mobile_shell_app/ios/App/App/Assets.xcassets/Splash.imageset/Contents.json","mobile_shell_app","False"
"mobile_shell_app/ios/App/App/Base.lproj/LaunchScreen.storyboard","mobile_shell_app","False"
"mobile_shell_app/ios/App/App/Base.lproj/Main.storyboard","mobile_shell_app","False"
"mobile_shell_app/ios/App/App/Info.plist","mobile_shell_app","False"
"mobile_shell_app/ios/App/Podfile","mobile_shell_app","False"
"mobile_shell_app/package.json","mobile_shell_app","False"
"mobile_shell_app/phase0/PHASE0_EXECUTION_LOG.md","mobile_shell_app","False"
"mobile_shell_app/phase0/mobile_assets_baseline.json","mobile_shell_app","False"
"mobile_shell_app/phase0/mobile_routes_manifest.json","mobile_shell_app","False"
"mobile_shell_app/phase0/mobile_screenshot_checklist.md","mobile_shell_app","False"
"mobile_shell_app/phase1/PHASE1_COMPLETION_REPORT.md","mobile_shell_app","False"
"mobile_shell_app/phase1/critical_template_hashes.json","mobile_shell_app","False"
"mobile_shell_app/phase1/route_smoke_matrix.json","mobile_shell_app","False"
"mobile_shell_app/phase2/PHASE2_COMPLETION_REPORT.md","mobile_shell_app","False"
"mobile_shell_app/phase2/PHASE2_EXECUTION_LOG.md","mobile_shell_app","False"
"mobile_shell_app/phase2/lifecycle_contract.md","mobile_shell_app","False"
"mobile_shell_app/phase3/PHASE3_COMPLETION_REPORT.md","mobile_shell_app","False"
"mobile_shell_app/phase3/PHASE3_EXECUTION_LOG.md","mobile_shell_app","False"
"mobile_shell_app/phase3/environment_gate_contract.md","mobile_shell_app","False"
"mobile_shell_app/phase4/PHASE4_COMPLETION_REPORT.md","mobile_shell_app","False"
"mobile_shell_app/phase4/PHASE4_EXECUTION_LOG.md","mobile_shell_app","False"
"mobile_shell_app/phase4/device_bridge_contract.md","mobile_shell_app","False"
"mobile_shell_app/phase5/PHASE5_COMPLETION_REPORT.md","mobile_shell_app","False"
"mobile_shell_app/phase5/PHASE5_EXECUTION_LOG.md","mobile_shell_app","False"
"mobile_shell_app/phase5/deterministic_cache_update_flow.md","mobile_shell_app","False"
"mobile_shell_app/phase5/offline_behavior_matrix.json","mobile_shell_app","False"
"mobile_shell_app/phase6/PHASE6_COMPLETION_REPORT.md","mobile_shell_app","False"
"mobile_shell_app/phase6/PHASE6_EXECUTION_LOG.md","mobile_shell_app","False"
"mobile_shell_app/phase6/release_pipeline_contract.md","mobile_shell_app","False"
"mobile_shell_app/phase6/release_smoke_checklist.md","mobile_shell_app","False"
"mobile_shell_app/phase6/rollout_monitoring_plan.md","mobile_shell_app","False"
"mobile_shell_app/phase7/PHASE7_COMPLETION_REPORT.md","mobile_shell_app","False"
"mobile_shell_app/phase7/PHASE7_EXECUTION_LOG.md","mobile_shell_app","False"
"mobile_shell_app/phase7/incident_response_runbook.md","mobile_shell_app","False"
"mobile_shell_app/phase7/rollout_gate_check_contract.md","mobile_shell_app","False"
"mobile_shell_app/phase8/PHASE8_COMPLETION_REPORT.md","mobile_shell_app","False"
"mobile_shell_app/phase8/PHASE8_EXECUTION_LOG.md","mobile_shell_app","False"
"mobile_shell_app/phase8/nice_to_have_backlog.md","mobile_shell_app","False"
"mobile_shell_app/phase8/release_preflight_contract.md","mobile_shell_app","False"
"mobile_shell_app/scripts/doctor.mjs","mobile_shell_app","False"
"mobile_shell_app/scripts/prepare.mjs","mobile_shell_app","False"
"mobile_shell_app/tsconfig.json","mobile_shell_app","False"
"mobile_shell_app/www/index.html","mobile_shell_app","False"
"mobile_shell_app/www/offline.html","mobile_shell_app","False"
"mobile_shell_app/www/shell.css","mobile_shell_app","False"
"mobile_shell_app/www/shell.js","mobile_shell_app","False"
"officework/admin.py","officework","False"
"officework/apps.py","officework","False"
"officework/migrations/0001_initial.py","officework","False"
"officework/migrations/0002_officeworkchatgroupmember_and_more.py","officework","False"
"officework/migrations/0003_officeworktask_add_pending_status.py","officework","False"
"officework/migrations/0004_officeworktask_checklist_items_and_more.py","officework","False"
"officework/migrations/0005_officeworklead_delete_officeworksharedfile.py","officework","False"
"officework/migrations/0006_officeworkleadtemplate.py","officework","False"
"officework/models.py","officework","False"
"officework/services_chat.py","officework","False"
"officework/static/officework/css/office-work.css","officework","False"
"officework/static/officework/js/leads.js","officework","False"
"officework/static/officework/js/office-work.js","officework","False"
"officework/static/officework/js/tasks.js","officework","False"
"officework/templates/officework/modals/lead-body.html","officework","False"
"officework/templates/officework/modals/search-clients-body.html","officework","False"
"officework/templates/officework/modals/template-body.html","officework","False"
"officework/templates/officework/modals/xlsx-body.html","officework","False"
"officework/templates/officework/office-work.html","officework","False"
"officework/templates/officework/partials/upload-options.html","officework","False"
"officework/tests.py","officework","False"
"officework/upload_security.py","officework","False"
"officework/urls.py","officework","False"
"officework/views.py","officework","False"
"officework/views_chat.py","officework","False"
"officework/views_common.py","officework","False"
"officework/views_leads.py","officework","False"
"officework/views_tasks.py","officework","False"
"package.json","package.json","False"
"panel/tests.py","panel","False"
"panel/views/engine_panel_views.py","panel","False"
"panel/views/monitoring_views.py","panel","False"
"release_pipeline_contract.md","release_pipeline_contract.md","False"
"release_preflight_contract.md","release_preflight_contract.md","False"
"reprintcard/tests.py","reprintcard","False"
"reprintcard/views.py","reprintcard","False"
"requirements.txt","requirements.txt","False"
"rollout_gate_check_contract.md","rollout_gate_check_contract.md","False"
"scratch/diagnostic_scoping.py","scratch","False"
"scratch/diagnostic_scoping_shell.py","scratch","False"
"scratch/find_dupes.py","scratch","False"
"scratch/find_js_dupes.py","scratch","False"
"scratch/verify_mobile_keys.py","scratch","False"
"scratch/verify_scoping_fix.py","scratch","False"
"scratch/verify_scoping_standalone.py","scratch","False"
"scripts/officework_browser_smoke.py","scripts","False"
"scripts/officework_multiuser_realtime_smoke.py","scripts","False"
"scripts/report_user_permissions.py","scripts","False"
"staff/models.py","staff","False"
"staff/services_staff_core.py","staff","False"
"staff/views.py","staff","False"
"static/css/adarsh-cropper-modals.css","static","False"
"static/css/adarsh-cropper-preview.css","static","False"
"static/css/adarsh-cropper.css","static","False"
"static/css/adarsh-engine-panel.css","static","False"
"static/css/adarshengine.css","static","False"
"static/css/cardprint/generate-card.css","static","False"
"static/css/dashboard-layout.css","static","False"
"static/css/idcard-action-bar.css","static","False"
"static/css/idcard-actions-enhanced.css","static","False"
"static/css/idcard-table.css","static","False"
"static/css/tailwind.css","static","False"
"static/css/wa-components.css","static","False"
"static/css/wa-forms.css","static","False"
"static/css/wa-layout.css","static","False"
"static/css/wa-modals.css","static","False"
"static/css/wa-table.css","static","False"
"static/css/website-admin.css","static","False"
"static/dist/css/cropper.min.css","static","False"
"static/dist/css/idcard-actions.min.css","static","False"
"static/dist/css/wa.min.css","static","False"
"static/dist/js/cardprint-shared.min.js","static","False"
"static/dist/js/core.min.js","static","False"
"static/dist/js/cropper.min.js","static","False"
"static/dist/js/dashboard.min.js","static","False"
"static/dist/js/group-setting.min.js","static","False"
"static/dist/js/idcard-actions.min.js","static","False"
"static/dist/js/manage-client.min.js","static","False"
"static/dist/js/manage-staff.min.js","static","False"
"static/js/adarsh-cropper-autoadjust.js","static","False"
"static/js/adarsh-cropper-donut.js","static","False"
"static/js/adarsh-cropper-utils.js","static","False"
"static/js/adarsh-cropper.js","static","False"
"static/js/adarsh-engine-integration.js","static","False"
"static/js/adarsh-engine-panel.js","static","False"
"static/js/adarshengine-adjust.js","static","False"
"static/js/adarshengine-histogram.js","static","False"
"static/js/adarshengine-nav.js","static","False"
"static/js/adarshengine-presets.js","static","False"
"static/js/adarshengine.js","static","False"
"static/js/cardprint/editor/core/eventManager.js","static","False"
"static/js/cardprint/editor/core/keyboardEventBindings.js","static","False"
"static/js/cardprint/editor/core/pointerEventBindings.js","static","False"
"static/js/cardprint/editor/core/renderEngine.js","static","False"
"static/js/cardprint/editor/core/stageEventBindings.js","static","False"
"static/js/cardprint/editor/core/toolManager.js","static","False"
"static/js/cardprint/editor/services/alignService.js","static","False"
"static/js/cardprint/editor/services/clipboardService.js","static","False"
"static/js/cardprint/editor/services/guideService.js","static","False"
"static/js/cardprint/editor/services/historyService.js","static","False"
"static/js/cardprint/editor/services/layerService.js","static","False"
"static/js/cardprint/editor/services/selectionService.js","static","False"
"static/js/cardprint/editor/services/transformService.js","static","False"
"static/js/cardprint/editor/state/editorState.js","static","False"
"static/js/cardprint/editor/tools/photoTool.js","static","False"
"static/js/cardprint/editor/tools/rectangleTool.js","static","False"
"static/js/cardprint/editor/tools/selectTool.js","static","False"
"static/js/cardprint/editor/tools/textTool.js","static","False"
"static/js/cardprint/editor/ui/canvas/CanvasView.js","static","False"
"static/js/cardprint/editor/ui/panels/AlignPanel.js","static","False"
"static/js/cardprint/editor/ui/panels/LayerPanel.js","static","False"
"static/js/cardprint/editor/ui/panels/TextPanel.js","static","False"
"static/js/cardprint/editor/ui/toolbar/LeftToolbar.js","static","False"
"static/js/cardprint/editor/ui/toolbar/TopBar.js","static","False"
"static/js/cardprint/editor/utils/dom.js","static","False"
"static/js/cardprint/editor/utils/helpers.js","static","False"
"static/js/cardprint/editor/utils/math.js","static","False"
"static/js/cardprint/generate-card.js","static","False"
"static/js/cardprint/print-cards.js","static","False"
"static/js/core/api.js","static","False"
"static/js/dashboard-actions.js","static","False"
"static/js/group-setting-events.js","static","False"
"static/js/group-setting-ui.js","static","False"
"static/js/idcard-actions-api-bulk.js","static","False"
"static/js/idcard-actions-api-status.js","static","False"
"static/js/idcard-actions-core-state.js","static","False"
"static/js/idcard-actions-download-init.js","static","False"
"static/js/idcard-actions-download-logic.js","static","False"
"static/js/idcard-actions-download-modals.js","static","False"
"static/js/idcard-actions-modal-delete.js","static","False"
"static/js/idcard-actions-modal-form-ops.js","static","False"
"static/js/idcard-actions-modal-view-render.js","static","False"
"static/js/idcard-actions-reprint.js","static","False"
"static/js/idcard-actions-table-load.js","static","False"
"static/js/idcard-actions-table-render-row.js","static","False"
"static/js/idcard-actions.js","static","False"
"static/js/idcard-group.js","static","False"
"static/js/image-cropper.js","static","False"
"static/js/login.js","static","False"
"static/js/manage-client-handlers.js","static","False"
"static/js/manage-client-staff-admin.js","static","False"
"static/js/manage-client-ui.js","static","False"
"static/js/manage-panel.js","static","False"
"static/js/manage-staff-state.js","static","False"
"static/js/pro-user-guest-users.js","static","False"
"static/js/reprintcard/reprint-cards.js","static","False"
"static/js/website-admin/clients.js","static","False"
"static/js/website-admin/portfolio.js","static","False"
"static/js/website-admin/reviews.js","static","False"
"static/mobile/css/mobile.css","static","False"
"static/mobile/js/app.js","static","False"
"static/mobile/js/device-bridge.js","static","False"
"static/mobile/js/environment-gate.js","static","False"
"static/website/scripts/main.js","static","False"
"static/website/scripts/our-works.js","static","False"
"static/website/scripts/testimonials.js","static","False"
"static/website/scripts/why-choose-us.js","static","False"
"static/website/styles/our-works-responsive.css","static","False"
"static/website/styles/our-works.css","static","False"
"static/website/styles/page-common-responsive.css","static","False"
"static/website/styles/page-common.css","static","False"
"static/website/styles/privacy-policy.css","static","False"
"static/website/styles/responsive.css","static","False"
"static/website/styles/style.css","static","False"
"static/website/styles/testimonials-responsive.css","static","False"
"static/website/styles/testimonials.css","static","False"
"static/website/styles/trusted-clients.css","static","False"
"static/website/styles/ui-consistency.css","static","False"
"static/website/styles/why-choose-us-responsive.css","static","False"
"static/website/styles/why-choose-us.css","static","False"
"templates/auth/login.html","templates","False"
"templates/backup-select-clients.html","templates","False"
"templates/base.html","templates","False"
"templates/cardprint/generate-card.html","templates","False"
"templates/cardprint/partials/content.html","templates","False"
"templates/cardprint/partials/step-finalized.html","templates","False"
"templates/cardprint/partials/step-generate-list.html","templates","False"
"templates/cardprint/partials/step-pool.html","templates","False"
"templates/cardprint/partials/topbar.html","templates","False"
"templates/cardprint/print-cards-overview.html","templates","False"
"templates/cardprint/print-cards.html","templates","False"
"templates/components/delete-modal.html","templates","False"
"templates/engine_modal.html","templates","False"
"templates/index.html","templates","False"
"templates/manage-client-staff.html","templates","False"
"templates/manage-client.html","templates","False"
"templates/manage-panel.html","templates","False"
"templates/manage-staff.html","templates","False"
"templates/mobile_app/base.html","templates","False"
"templates/mobile_app/camera.html","templates","False"
"templates/mobile_app/card_detail.html","templates","False"
"templates/mobile_app/clients_list.html","templates","False"
"templates/mobile_app/desktop_required.html","templates","False"
"templates/mobile_app/groups.html","templates","False"
"templates/mobile_app/home.html","templates","False"
"templates/mobile_app/list_page.html","templates","False"
"templates/mobile_app/login.html","templates","False"
"templates/mobile_app/no_access.html","templates","False"
"templates/mobile_app/notifications.html","templates","False"
"templates/mobile_app/partials/actions_approved.html","templates","False"
"templates/mobile_app/partials/actions_download.html","templates","False"
"templates/mobile_app/partials/actions_pending.html","templates","False"
"templates/mobile_app/partials/actions_pool.html","templates","False"
"templates/mobile_app/partials/actions_verified.html","templates","False"
"templates/mobile_app/partials/add_form_sheet.html","templates","False"
"templates/mobile_app/partials/bottom_nav.html","templates","False"
"templates/mobile_app/partials/download_modal.html","templates","False"
"templates/mobile_app/partials/hamburger_drawer.html","templates","False"
"templates/mobile_app/partials/hero_carousel.html","templates","False"
"templates/mobile_app/partials/list_action_modals.html","templates","False"
"templates/mobile_app/partials/list_bottom_bar.html","templates","False"
"templates/mobile_app/partials/list_filter_panel.html","templates","False"
"templates/mobile_app/partials/list_table.html","templates","False"
"templates/mobile_app/partials/list_toast.html","templates","False"
"templates/mobile_app/partials/list_top_section.html","templates","False"
"templates/mobile_app/partials/navbar.html","templates","False"
"templates/mobile_app/partials/notification_drawer.html","templates","False"
"templates/mobile_app/partials/profile_drawer.html","templates","False"
"templates/mobile_app/partials/searchbar.html","templates","False"
"templates/mobile_app/permissions.html","templates","False"
"templates/mobile_app/profile.html","templates","False"
"templates/mobile_app/reprint_lists.html","templates","False"
"templates/mobile_app/reprint_table.html","templates","False"
"templates/mobile_app/search.html","templates","False"
"templates/mobile_app/settings.html","templates","False"
"templates/mobile_app/staff_manage.html","templates","False"
"templates/mobile_app/table_picker.html","templates","False"
"templates/mobile_app/website_manage.html","templates","False"
"templates/panel/engine-panel.html","templates","False"
"templates/partials/client-sidebar.html","templates","False"
"templates/partials/client/action-bar-right.html","templates","False"
"templates/partials/client/client-drawer.html","templates","False"
"templates/partials/client/table-container.html","templates","False"
"templates/partials/client_staff/staff-drawer.html","templates","False"
"templates/partials/dashboard/delete-modal.html","templates","False"
"templates/partials/dashboard/print-overview-card.html","templates","False"
"templates/partials/dashboard/print-reprint-overview.html","templates","False"
"templates/partials/dashboard/quick-actions.html","templates","False"
"templates/partials/dashboard/reprint-overview-card.html","templates","False"
"templates/partials/dashboard/section-tabs.html","templates","False"
"templates/partials/group-setting/action-bar.html","templates","False"
"templates/partials/group-setting/table-container.html","templates","False"
"templates/partials/idcard-actions/footer-scripts.html","templates","False"
"templates/partials/idcard-actions/global-vars.html","templates","False"
"templates/partials/idcard-group/action-bar-right.html","templates","False"
"templates/partials/idcard-group/modal-delete-all.html","templates","False"
"templates/partials/idcard-group/table.html","templates","False"
"templates/partials/idcard-group/topbar.html","templates","False"
"templates/partials/idcard/action-bar-right.html","templates","False"
"templates/partials/idcard/action-bar.html","templates","False"
"templates/partials/idcard/modal-downloads.html","templates","False"
"templates/partials/idcard/search-filter-bar.html","templates","False"
"templates/partials/idcard/search-filter-right.html","templates","False"
"templates/partials/idcard/side-modal.html","templates","False"
"templates/partials/idcard/table.html","templates","False"
"templates/partials/idcard/topbar.html","templates","False"
"templates/partials/panel/tab-notifications.html","templates","False"
"templates/partials/panel/tab-sessions.html","templates","False"
"templates/partials/pro-feature-tabs.html","templates","False"
"templates/partials/pro_user/manage-superadmin-table.html","templates","False"
"templates/partials/sidebar.html","templates","False"
"templates/partials/staff/action-bar-right.html","templates","False"
"templates/partials/staff/staff-drawer-client-assignment.html","templates","False"
"templates/partials/staff/staff-drawer-footer.html","templates","False"
"templates/partials/staff/staff-drawer-info.html","templates","False"
"templates/partials/staff/staff-drawer-permissions.html","templates","False"
"templates/partials/staff/staff-drawer.html","templates","False"
"templates/partials/unified-sidebar.html","templates","False"
"templates/partials/website/bento-products.html","templates","False"
"templates/partials/website/contact.html","templates","False"
"templates/partials/website/hero.html","templates","False"
"templates/partials/website/products.html","templates","False"
"templates/partials/website/pwa-section.html","templates","False"
"templates/partials/website/testimonials.html","templates","False"
"templates/partials/website/trusted-clients.html","templates","False"
"templates/partials/website/why-choose-us.html","templates","False"
"templates/pro_user/data-deletion-guard.html","templates","False"
"templates/pro_user/guest-users.html","templates","False"
"templates/pro_user/manage-superadmin-pro-features.html","templates","False"
"templates/product-gallery.html","templates","False"
"templates/services/adarsh-cropper.html","templates","False"
"templates/settings.html","templates","False"
"templates/system-maintenance.html","templates","False"
"templates/website/admin/base.html","templates","False"
"templates/website/admin/business-details.html","templates","False"
"templates/website/admin/clients.html","templates","False"
"templates/website/admin/contacts.html","templates","False"
"templates/website/admin/dashboard.html","templates","False"
"templates/website/admin/portfolio.html","templates","False"
"templates/website/admin/reviews.html","templates","False"
"templates/website/base.html","templates","False"
"templates/website/download-app.html","templates","False"
"templates/website/includes/modals.html","templates","False"
"templates/website/index.html","templates","False"
"templates/website/offline.html","templates","False"
"templates/website/our-works.html","templates","False"
"templates/website/privacy-policy.html","templates","False"
"templates/website/product-detail.html","templates","False"
"templates/website/testimonials.html","templates","False"
"templates/website/trusted-clients.html","templates","False"
"templates/website/why-choose-us.html","templates","False"
"ui-audit-report-data.json","ui-audit-report-data.json","False"
"verify_env.ps1","verify_env.ps1","False"
"verify_stabilization.py","verify_stabilization.py","False"
"website/admin.py","website","False"
"website/admin_urls.py","website","False"
"website/admin_views.py","website","False"
"website/apps.py","website","False"
"website/email_utils.py","website","False"
"website/image_edit_api.py","website","False"
"website/management/commands/optimize_all_videos.py","website","False"
"website/management/commands/optimize_portfolio_videos.py","website","False"
"website/migrations/0001_initial.py","website","False"
"website/migrations/0002_remove_trustedclient_background_image_and_more.py","website","False"
"website/migrations/0003_remove_testimonial_type_and_more.py","website","False"
"website/migrations/0004_productcategory_websitestatus_and_more.py","website","False"
"website/migrations/0005_delete_product_delete_productcategory.py","website","False"
"website/migrations/0006_portfoliocategory_portfolioitem_item_type_and_more.py","website","False"
"website/migrations/0007_add_hero_image_model.py","website","False"
"website/migrations/0008_migrate_hero_images_data.py","website","False"
"website/migrations/0009_add_bento_fields_to_portfolio_category.py","website","False"
"website/migrations/0010_set_bento_defaults.py","website","False"
"website/migrations/0011_production_indexes.py","website","False"
"website/migrations/0012_alter_faq_is_active_alter_feature_is_active_and_more.py","website","False"
"website/migrations/0013_alter_contactsubmission_email.py","website","False"
"website/migrations/0014_remove_hero_image_fields.py","website","False"
"website/migrations/0015_update_bento_categories.py","website","False"
"website/migrations/0016_alter_portfoliocategory_bento_size.py","website","False"
"website/migrations/0017_update_bento_layout_v2.py","website","False"
"website/migrations/0018_delete_trustedclient.py","website","False"
"website/migrations/0019_testimonial_reviewer_email.py","website","False"
"website/migrations/0020_testimonial_reviewer_ip.py","website","False"
"website/migrations/0021_testimonial_attachment_image.py","website","False"
"website/migrations/0022_portfoliocategory_meta_description_and_more.py","website","False"
"website/migrations/0023_remove_portfoliocategory_meta_description_and_more.py","website","False"
"website/migrations/0024_update_site_domain.py","website","False"
"website/migrations/0025_remove_businessdetails_phone_businessdetails_phone1_and_more.py","website","False"
"website/migrations/0026_businessdetails_linkedin_url_and_more.py","website","False"
"website/migrations/0027_portfoliocategory_meta_description_and_more.py","website","False"
"website/migrations/0028_delete_reel_remove_businessdetails_footer_text_and_more.py","website","False"
"website/migrations/0029_delete_heroimage_and_more.py","website","False"
"website/models.py","website","False"
"website/seo.py","website","False"
"website/services.py","website","False"
"website/sitemaps.py","website","False"
"website/tests.py","website","False"
"website/urls.py","website","False"
"website/video_processing.py","website","False"
"website/views.py","website","False"
"website/watermark.py","website","False"
